margin_bucket,count,avg_margin,accuracy,fn_risk_predicted_benign
"[-0.01, 0.5)",233,0.26126609121529115,0.9399141630901288,0.903448275862069
"[0.5, 1.0)",204,0.6991421587783858,0.9656862745098039,0.9354838709677419
"[1.0, 1.5)",150,1.2133333361723253,0.96,0.9358974358974359
"[1.5, 2.0)",103,1.7233009799654544,0.9611650485436893,0.95
"[2.0, 3.0)",187,2.4933155028013694,0.6737967914438503,0.8888888888888888
"[3.0, 4.0)",179,3.4699720595531423,0.6983240223463687,0.8865979381443299
"[4.0, 6.01)",336,4.9557291668979175,0.8154761904761905,0.9107142857142857
