margin_bucket,margin_mid,count,risk
"[-0.01, 0.5)",0.245,145,0.903448275862069
"[0.5, 1.0)",0.75,93,0.9354838709677419
"[1.0, 1.5)",1.25,78,0.9358974358974359
"[1.5, 2.0)",1.75,60,0.95
"[2.0, 3.0)",2.5,126,0.8888888888888888
"[3.0, 4.0)",3.5,97,0.8865979381443299
"[4.0, 6.01)",5.005,112,0.9107142857142857
