metric,recomputed_current_main,tracked_report_current_main,abs_diff
accuracy,0.957972805933251,0.958,2.7194066749003376e-05
fpr,0.13333333333333333,0.1333,3.333333333332966e-05
fnr,0.021244309559939303,0.0212,4.430955993930258e-05
adv_f1,0.974320241691843,0.9743,2.0241691842892706e-05
benign_f1,0.8843537414965987,0.8844,4.625850340123083e-05
