route,rows,accuracy,fpr,fnr,adv_f1,benign_f1
llm,1162,0.8218588640275387,0.004395604395604396,0.8055555555555556,0.32131147540983607,0.8974739970282318
deberta,616,0.599025974025974,0.22807017543859648,0.89375,0.1209964412811388,0.740273396424816
abstain,271,0.8708487084870848,1.0,0.0,0.9309664694280079,0.0
