route,rows,accuracy,fpr,fnr,adv_f1,benign_f1
ml,747,1.0,,0.0,1.0,0.0
deberta,600,0.9816666666666667,0.0163265306122449,0.01971830985915493,0.9844413012729843,0.9776876267748479
abstain,180,0.7944444444444444,0.5294117647058824,0.13013698630136986,0.8728522336769761,0.46376811594202894
llm,91,0.7802197802197802,0.8571428571428571,0.02857142857142857,0.8717948717948717,0.23076923076923073
