route,rows,accuracy,fpr,fnr,adv_f1,benign_f1
abstain,123,0.9512195121951219,1.0,0.0,0.975,0.0
llm,105,0.8857142857142857,0.0,0.9230769230769231,0.14285714285714288,0.9387755102040816
deberta,33,0.6060606060606061,0.48,0.125,0.5185185185185185,0.6666666666666666
ml,1,1.0,,0.0,1.0,0.0
