route,rows,accuracy,fpr,fnr,adv_f1,benign_f1
deberta,66,0.6060606060606061,0.6216216216216216,0.10344827586206896,0.6666666666666666,0.5185185185185186
llm,36,0.5,0.0,1.0,0.0,0.6666666666666666
abstain,14,0.9285714285714286,1.0,0.0,0.962962962962963,0.0
