dataset,adversarial,benign,group,n,adv_pct,ben_pct
train,7352,637,main_splits,7989,0.9202653648767055,0.07973463512329453
val,1318,136,main_splits,1454,0.90646492434663,0.09353507565337002
test,1682,137,main_splits,1819,0.9246838922484881,0.07531610775151182
test_unseen,820,0,main_splits,820,1.0,0.0
deepset,60,56,external,116,0.5172413793103449,0.4827586206896552
jackhhao,139,123,external,262,0.5305343511450382,0.46946564885496184
safeguard,648,1401,external,2049,0.3162518301610542,0.6837481698389458
spml,12541,3376,external,15917,0.7878997298485896,0.21210027015141045
