dataset,adversarial,benign,group,n,adv_pct,ben_pct
train,7486,1395,main_splits,8881,0.8429230942461434,0.15707690575385655
val,1548,299,main_splits,1847,0.8381158635625339,0.16188413643746616
test,1318,300,main_splits,1618,0.8145859085290482,0.18541409147095178
test_unseen,820,0,main_splits,820,1.0,0.0
deepset,60,56,external,116,0.5172413793103449,0.4827586206896552
jackhhao,139,123,external,262,0.5305343511450382,0.46946564885496184
safeguard,648,1401,external,2049,0.3162518301610542,0.6837481698389458
spml,12541,3376,external,15917,0.7878997298485896,0.21210027015141045
