dataset,adversarial,benign,group,n,adv_pct,ben_pct
train,7197,436,main_splits,7633,0.9428796017293332,0.05712039827066684
val,1559,93,main_splits,1652,0.9437046004842615,0.056295399515738496
test,1596,94,main_splits,1690,0.9443786982248521,0.05562130177514793
test_unseen,820,0,main_splits,820,1.0,0.0
deepset,60,56,external,116,0.5172413793103449,0.4827586206896552
jackhhao,139,123,external,262,0.5305343511450382,0.46946564885496184
safeguard,648,1401,external,2049,0.3162518301610542,0.6837481698389458
spml,12541,3376,external,15917,0.7878997298485896,0.21210027015141045
