{
  "val": {
    "accuracy": 0.9394773039889959,
    "precision": 0.9610194902548725,
    "recall": 0.9726858877086495,
    "f1": 0.9668174962292609,
    "roc_auc": 0.9423591895028118,
    "average_precision": 0.9936168496160505,
    "benign_recall": 0.6176470588235294,
    "n_samples": 1454
  },
  "test": {
    "accuracy": 0.9318306761957119,
    "precision": 0.9675870348139256,
    "recall": 0.9583828775267539,
    "f1": 0.9629629629629629,
    "roc_auc": 0.9390649817301266,
    "average_precision": 0.994776189449277,
    "benign_recall": 0.6058394160583942,
    "n_samples": 1819
  },
  "test_unseen": {
    "accuracy": 0.974390243902439,
    "precision": 1.0,
    "recall": 0.974390243902439,
    "f1": 0.9870290302655961,
    "roc_auc": NaN,
    "average_precision": 1.0,
    "benign_recall": 0.0,
    "n_samples": 820
  }
}