{
  "val": {
    "accuracy": 0.8516513264753655,
    "precision": 0.9992163009404389,
    "recall": 0.8236434108527132,
    "f1": 0.9029745042492918,
    "roc_auc": 0.9876299551476497,
    "average_precision": 0.9975601587249072,
    "benign_recall": 0.9966555183946488,
    "n_samples": 1847,
    "f1_adversarial": 0.9029745042492918,
    "f1_benign": 0.6850574712643678
  },
  "test": {
    "accuracy": 0.8597033374536465,
    "precision": 0.9963603275705186,
    "recall": 0.830804248861912,
    "f1": 0.9060819197352089,
    "roc_auc": 0.9889883662114315,
    "average_precision": 0.9974042388351803,
    "benign_recall": 0.9866666666666667,
    "n_samples": 1618,
    "f1_adversarial": 0.9060819197352089,
    "f1_benign": 0.7228327228327228
  },
  "test_unseen": {
    "accuracy": 0.8670731707317073,
    "precision": 1.0,
    "recall": 0.8670731707317073,
    "f1": 0.9288047028086218,
    "roc_auc": NaN,
    "average_precision": 1.0,
    "benign_recall": 0.0,
    "n_samples": 820,
    "f1_adversarial": 0.9288047028086218,
    "f1_benign": 0.0
  }
}