{
  "val": {
    "accuracy": 0.9640203363316386,
    "precision": 0.9607250755287009,
    "recall": 0.9833024118738405,
    "f1": 0.9718826405867971,
    "roc_auc": 0.9876583902419769,
    "average_precision": 0.9921065597918506,
    "benign_recall": 0.9308510638297872,
    "n_samples": 2557,
    "f1_adversarial": 0.9718826405867971,
    "f1_benign": 0.9500542888165038,
    "non_synthetic_benign": {
      "accuracy": 0.9616666666666667,
      "precision": 0.9607250755287009,
      "recall": 0.9833024118738405,
      "f1": 0.9718826405867971,
      "roc_auc": 0.9851932413508768,
      "average_precision": 0.9921106606054182,
      "benign_recall": 0.9169859514687101,
      "n_samples": 2400,
      "f1_adversarial": 0.9718826405867971,
      "f1_benign": 0.9397905759162304,
      "n_non_synthetic_benign": 783
    }
  },
  "test": {
    "accuracy": 0.9620302208446339,
    "precision": 0.9556592765460911,
    "recall": 0.9867469879518073,
    "f1": 0.970954356846473,
    "roc_auc": 0.9885427704302552,
    "average_precision": 0.993053763294236,
    "benign_recall": 0.9174809989142236,
    "n_samples": 2581,
    "f1_adversarial": 0.970954356846473,
    "f1_benign": 0.9451901565995525,
    "non_synthetic_benign": {
      "accuracy": 0.9601328903654485,
      "precision": 0.9567757009345794,
      "recall": 0.9867469879518073,
      "f1": 0.9715302491103203,
      "roc_auc": 0.986159477482121,
      "average_precision": 0.9931735492351867,
      "benign_recall": 0.9010695187165776,
      "n_samples": 2408,
      "f1_adversarial": 0.9715302491103203,
      "f1_benign": 0.9335180055401662,
      "n_non_synthetic_benign": 748
    }
  },
  "unseen_val": {
    "accuracy": 0.9606592238171185,
    "precision": 0.9532467532467532,
    "recall": 0.9821587867975022,
    "f1": 0.9674868189806678,
    "roc_auc": 0.9884806798441242,
    "average_precision": 0.9912998943515344,
    "benign_recall": 0.9289473684210526,
    "n_samples": 1881,
    "f1_adversarial": 0.9674868189806678,
    "f1_benign": 0.9502018842530283,
    "non_synthetic_benign": {
      "accuracy": 0.9572254335260115,
      "precision": 0.9532467532467532,
      "recall": 0.9821587867975022,
      "f1": 0.9674868189806678,
      "roc_auc": 0.9856640432173361,
      "average_precision": 0.9913190427402536,
      "benign_recall": 0.9113300492610837,
      "n_samples": 1730,
      "f1_adversarial": 0.9674868189806678,
      "f1_benign": 0.9375,
      "n_non_synthetic_benign": 609
    }
  },
  "unseen_test": {
    "accuracy": 0.9440337909186906,
    "precision": 0.9345794392523364,
    "recall": 0.9743135518157662,
    "f1": 0.9540329575021682,
    "roc_auc": 0.9820148549529052,
    "average_precision": 0.9860248647652966,
    "benign_recall": 0.8993464052287582,
    "n_samples": 1894,
    "f1_adversarial": 0.9540329575021682,
    "f1_benign": 0.9284750337381916,
    "non_synthetic_benign": {
      "accuracy": 0.94,
      "precision": 0.935374149659864,
      "recall": 0.9743135518157662,
      "f1": 0.9544468546637744,
      "roc_auc": 0.9779770335283102,
      "average_precision": 0.9860911990100815,
      "benign_recall": 0.8776167471819646,
      "n_samples": 1750,
      "f1_adversarial": 0.9544468546637744,
      "f1_benign": 0.9121338912133892,
      "n_non_synthetic_benign": 621
    }
  },
  "safeguard_test": {
    "accuracy": 0.9864951768488746,
    "precision": 0.9868421052631579,
    "recall": 0.8875739644970414,
    "f1": 0.9345794392523364,
    "roc_auc": 0.9929643006566082,
    "average_precision": 0.9601468077912946,
    "benign_recall": 0.9985569985569985,
    "n_samples": 1555,
    "f1_adversarial": 0.9345794392523364,
    "f1_benign": 0.992470419505199,
    "non_synthetic_benign": {
      "accuracy": 0.9864951768488746,
      "precision": 0.9868421052631579,
      "recall": 0.8875739644970414,
      "f1": 0.9345794392523364,
      "roc_auc": 0.9929643006566082,
      "average_precision": 0.9601468077912946,
      "benign_recall": 0.9985569985569985,
      "n_samples": 1555,
      "f1_adversarial": 0.9345794392523364,
      "f1_benign": 0.992470419505199,
      "n_non_synthetic_benign": 1386
    }
  }
}