{
  "val": {
    "accuracy": 0.9545208446128858,
    "precision": 0.980946123521682,
    "recall": 0.9644702842377261,
    "f1": 0.9726384364820847,
    "roc_auc": 0.9890504956227908,
    "average_precision": 0.9976046541699138,
    "benign_recall": 0.903010033444816,
    "n_samples": 1847,
    "f1_adversarial": 0.9726384364820847,
    "f1_benign": 0.8653846153846154
  },
  "test": {
    "accuracy": 0.957972805933251,
    "precision": 0.9860031104199067,
    "recall": 0.9620637329286799,
    "f1": 0.9738863287250384,
    "roc_auc": 0.9912948912493676,
    "average_precision": 0.9979618680153568,
    "benign_recall": 0.94,
    "n_samples": 1618,
    "f1_adversarial": 0.9738863287250384,
    "f1_benign": 0.8924050632911392
  },
  "test_unseen": {
    "accuracy": 0.9890243902439024,
    "precision": 1.0,
    "recall": 0.9890243902439024,
    "f1": 0.9944819129368485,
    "roc_auc": NaN,
    "average_precision": 1.0,
    "benign_recall": 0.0,
    "n_samples": 820,
    "f1_adversarial": 0.9944819129368485,
    "f1_benign": 0.0
  }
}